<?xml version="1.0" encoding="UTF-8" ?>
<html xmlns='http://www.w3.org/1999/xhtml' xmlns:b='http://www.google.com/2005/gml/b' xmlns:data='http://www.google.com/2005/gml/data' xmlns:expr='http://www.google.com/2005/gml/expr'>
 <head>
  <meta content='IE=EmulateIE7' http-equiv='X-UA-Compatible'/> 
  <b:if cond='data:blog.isMobile'> 
   <meta content='width=device-width,initial-scale=1.0,minimum-scale=1.0,maximum-scale=1.0' name='viewport'/> 
  <b:else/> 
   <meta content='width=1100' name='viewport'/> 
  </b:if> 
  <b:include data='blog' name='all-head-content'/>
  <title><data:blog.pageTitle/></title>

	<link crossorigin='anonymous' href='https://maxcdn.bootstrapcdn.com/bootstrap/3.3.7/css/bootstrap.min.css' integrity='sha384-BVYiiSIFeK1dGmJRAkycuHAHRg32OmUcww7on3RYdg4Va+PmSTsz/K68vbdEjh4u' rel='stylesheet'/>
   	<link href='https://fonts.googleapis.com/css?family=Nunito:300' rel='stylesheet'/>

	<b:skin><![CDATA[
-----------------------------------------------
0BE95 CV Blogger Template Style
Author         : BENTALEB Othmane
Url            : http://www.obentaleb.com
----------------------------------------------- 
html {
    height:100%;
}

body {
	min-height: 100%;
    margin: 0;
    padding: 0;
    background: #eee;
	font-family: Nunito, "Calibri";
}
#accueil, #formation, #experiences, #connaissances, #contact {
    display: flex;
}
.side {
    background: #333;
}
.side2 {
    background: #ff9900;
}
.side3 {
	background: #3399cc;
}
.accueil {
	margin: 60px 0;
}
.personal-info {
    color: #eee;
    font-size: 105%;
    height: 450px;
    margin: 0;
}
.personal-info-name {
    font-weight: 700;
    font-size: 27px;
    padding: 20px 0;
}
.personal-info-details {
	height: 450px;
	float: right;
    background: #333;
    border-top-right-radius: 30px;
    padding: 3% 5%;
	-webkit-animation: fadeFromRight 2s; /* Safari, Chrome and Opera > 12.1 */
       -moz-animation: fadeFromRight 2s; /* Firefox < 16 */
        -ms-animation: fadeFromRight 2s; /* Internet Explorer */
         -o-animation: fadeFromRight 2s; /* Opera < 12.1 */
            animation: fadeFromRight 2s;
}
.personal-info-title {
    font-size: 115%;
    margin: 0;
    padding: 10px 0 5px;
    font-weight: 600;
}
.personal-info-img {
	float: left;
    margin: 0;
    padding: 0;
	height: 100%;
	border: 5px solid #333;
    border-right: 5px solid #eee;
    border-top-left-radius: 30px;
    background-image: url('https://lh3.googleusercontent.com/-TPuk1xpt08U/WHO7X7q6zII/AAAAAAAABX8/MoWAhFjjpgkDA6_GR6XsyvibQFfjpqh1gCLcB/h1600/me.jpg');
    background-position: center center;
    background-repeat: no-repeat;
    background-size: auto 110%;
	-webkit-animation: fadeFromLeft 2s; /* Safari, Chrome and Opera > 12.1 */
       -moz-animation: fadeFromLeft 2s; /* Firefox < 16 */
        -ms-animation: fadeFromLeft 2s; /* Internet Explorer */
         -o-animation: fadeFromLeft 2s; /* Opera < 12.1 */
            animation: fadeFromLeft 2s;
}
.personal-info-img img {
	max-width: 100%;
    border: 5px solid #333;
	border-right: 5px solid #eee;
    display: block;
    position: relative;
	border-top-left-radius: 30px;
}

.personal-info-left {
    border-right: 1px solid #eee;
}
.links-container {
	border-top: 10px solid #333;
	margin: 0 auto;
}
.links {
    height: 80px;
    background: #333;
	display: block;
    border-top: 7px dotted #eee;
    border-bottom-left-radius: 30px;
    border-bottom-right-radius: 30px;
    text-align: center;
    margin: 0 auto;
	overflow: hidden;
}
.links a {
    color: #eee;
    display: inline-block;
    font-size: 100%;
    border-right: 1px solid #eee;
    padding: 5px 4%;
    text-align: center;
    margin: 20px 0;
}
.links a:nth-last-child(1) {
    border: 0;
}
.title {
	text-transform: uppercase;
	margin-top: 30px;
	font-size: 28px;
	text-align: center;
}

.title-side {
	height: 20px;
	margin-top: 40px;
}

.title-side-left {
	border-top-left-radius: 90px;
}

.title-side-right {
	border-top-right-radius: 90px;
}

.formation-title-side {
	background: #ff9900;
}

.formation {
    margin: 0 0 80px;
}

.formation-title {
	margin: 50px 0;
}

.formation-details {
    margin: 0;
}

.formation-date {
    width: 80px;
    margin: 5px auto;
    display: table;
    background: #333;
    border-radius: 100%;
    text-align: center;
    font-size: 17px;
    color: #fff;
    height: 80px;
    position: relative;
}

.formation-date span {
    vertical-align: middle;
    display: table-cell;
}

.formation-detail {
	font-size: 16px;
	margin: 5px auto;
	padding: 10px;
	text-align: left;
}

.formation-date.fromLeft1 {
	-webkit-animation: fadeFromLeft 1s; /* Safari, Chrome and Opera > 12.1 */
       -moz-animation: fadeFromLeft 1s; /* Firefox < 16 */
        -ms-animation: fadeFromLeft 1s; /* Internet Explorer */
         -o-animation: fadeFromLeft 1s; /* Opera < 12.1 */
            animation: fadeFromLeft 1s;
}

.formation-date.fromRight1 {
	-webkit-animation: fadeFromRight 1s; /* Safari, Chrome and Opera > 12.1 */
       -moz-animation: fadeFromRight 1s; /* Firefox < 16 */
        -ms-animation: fadeFromRight 1s; /* Internet Explorer */
         -o-animation: fadeFromRight 1s; /* Opera < 12.1 */
            animation: fadeFromRight 1s;
}

.formation-date.fromLeft2 {
	-webkit-animation: fadeFromLeft 2s; /* Safari, Chrome and Opera > 12.1 */
       -moz-animation: fadeFromLeft 2s; /* Firefox < 16 */
        -ms-animation: fadeFromLeft 2s; /* Internet Explorer */
         -o-animation: fadeFromLeft 2s; /* Opera < 12.1 */
            animation: fadeFromLeft 2s;
}

.formation-date.fromRight2 {
	-webkit-animation: fadeFromRight 2s; /* Safari, Chrome and Opera > 12.1 */
       -moz-animation: fadeFromRight 2s; /* Firefox < 16 */
        -ms-animation: fadeFromRight 2s; /* Internet Explorer */
         -o-animation: fadeFromRight 2s; /* Opera < 12.1 */
            animation: fadeFromRight 2s;
}

.formation-date.fromLeft3 {
	-webkit-animation: fadeFromLeft 3s; /* Safari, Chrome and Opera > 12.1 */
       -moz-animation: fadeFromLeft 3s; /* Firefox < 16 */
        -ms-animation: fadeFromLeft 3s; /* Internet Explorer */
         -o-animation: fadeFromLeft 3s; /* Opera < 12.1 */
            animation: fadeFromLeft 3s;
}

.formation-date.fromRight3 {
	-webkit-animation: fadeFromRight 3s; /* Safari, Chrome and Opera > 12.1 */
       -moz-animation: fadeFromRight 3s; /* Firefox < 16 */
        -ms-animation: fadeFromRight 3s; /* Internet Explorer */
         -o-animation: fadeFromRight 3s; /* Opera < 12.1 */
            animation: fadeFromRight 3s;
}

.horizontal-line {
    width: 50%;
    height: 1px;
    background: #333;
    opacity: 0.2;
    margin: 20px auto;
}

.experiences-title-side {
	background: #333;
}

.experiences {
    margin: 0 0 80px;
}

.experiences-title {
	margin: 50px 0 30px;
}

.experiences-details {
    margin: 0;
	display: flex;
}

.experiences-date {
    margin: 5px auto;
    background: #333;
    text-align: center;
    font-size: 17px;
    color: #fff;
    position: relative;
}

.experiences-date1 {
    margin: 5px auto;
    background: #3399cc;
    text-align: center;
    font-size: 17px;
    color: #fff;
    position: relative;
}

.experiences-date span {
    display: block;
    padding-top: 10px;
}

.experiences-date1 span {
    display: block;
    padding-top: 10px;
}

.experiences-detail {
	font-size: 16px;
	margin: 5px auto;
	padding: 10px;
	text-align: left;
}

.experience-date {
    color: #3399cc;
    font-weight: bold;
    text-align: center;
    display: block;
    font-size: 16px;
	margin-top: 25px;
}

.experience-title {
	display: block;
	color: #333;
    font-weight: bold;
    font-size: 17px;
}

.experience-description {
    display: block;
    font-size: 15px;
	text-align: justify;
}

.experience-tech {
    display: block;
    font-size: 14px;
	text-decoration: underline;
}

.experience-container {
    border-right: 2px solid #333;
    border-left: 2px solid #333;
    margin: 10px 40px;
    padding: 0 30px;
}

.connaissances-title-side {
	background: #3399cc;
}

.connaissances {
    margin: 0 0 80px;
}

.connaissances-title {
	margin: 50px 0;
}

.connaissances-details {
    margin: 0;
}

.connaissance {
    padding: 5px 20px;
}

.connaissance span {
    font-size: 115%;
    font-weight: bold;
}

.connaissances-left {
	border-right: 1px solid #aaa;
}

.circle {
    width: 15px;
    height: 15px;
    border-radius: 100%;
    display: inline-block;
    float: right;
    border: 1px solid #333;
	margin: 0 2px;
}

.fill-circle1 {
    width: 15px;
    height: 15px;
    border-radius: 100%;
	background: #3399cc;
    display: inline-block;
    float: right;
    border: 1px solid #333;
	margin: 0 2px;
	-webkit-animation: fillCircle 1s; /* Safari, Chrome and Opera > 12.1 */
       -moz-animation: fillCircle 1s; /* Firefox < 16 */
        -ms-animation: fillCircle 1s; /* Internet Explorer */
         -o-animation: fillCircle 1s; /* Opera < 12.1 */
            animation: fillCircle 1s;
}
.fill-circle2 {
    width: 15px;
    height: 15px;
    border-radius: 100%;
	background: #3399cc;
    display: inline-block;
    float: right;
    border: 1px solid #333;
	margin: 0 2px;
	-webkit-animation: fillCircle 2s; /* Safari, Chrome and Opera > 12.1 */
       -moz-animation: fillCircle 2s; /* Firefox < 16 */
        -ms-animation: fillCircle 2s; /* Internet Explorer */
         -o-animation: fillCircle 2s; /* Opera < 12.1 */
            animation: fillCircle 2s;
}
.fill-circle3 {
    width: 15px;
    height: 15px;
    border-radius: 100%;
	background: #3399cc;
    display: inline-block;
    float: right;
    border: 1px solid #333;
	margin: 0 2px;
	-webkit-animation: fillCircle 3s; /* Safari, Chrome and Opera > 12.1 */
       -moz-animation: fillCircle 3s; /* Firefox < 16 */
        -ms-animation: fillCircle 3s; /* Internet Explorer */
         -o-animation: fillCircle 3s; /* Opera < 12.1 */
            animation: fillCircle 3s;
}
.fill-circle4 {
    width: 15px;
    height: 15px;
    border-radius: 100%;
	background: #3399cc;
    display: inline-block;
    float: right;
    border: 1px solid #333;
	margin: 0 2px;
	-webkit-animation: fillCircle 4s; /* Safari, Chrome and Opera > 12.1 */
       -moz-animation: fillCircle 4s; /* Firefox < 16 */
        -ms-animation: fillCircle 4s; /* Internet Explorer */
         -o-animation: fillCircle 4s; /* Opera < 12.1 */
            animation: fillCircle 4s;
}
.fill-circle5 {
    width: 15px;
    height: 15px;
    border-radius: 100%;
	background: #3399cc;
    display: inline-block;
    float: right;
    border: 1px solid #333;
	margin: 0 2px;
	-webkit-animation: fillCircle 5s; /* Safari, Chrome and Opera > 12.1 */
       -moz-animation: fillCircle 5s; /* Firefox < 16 */
        -ms-animation: fillCircle 5s; /* Internet Explorer */
         -o-animation: fillCircle 5s; /* Opera < 12.1 */
            animation: fillCircle 5s;
}

.contact-title-side {
	background: #333;
}

.contact {
    margin: 0 0 80px;
}

.contact-title {
	margin: 50px 0 30px;
}

.contact-details span{
    display: block;
    font-size: 120%;
    margin: 10px 15%;
}

.contact-details img {
    padding: 5px 10px 8px;
}

.contact-left {
    border-right: 1px solid #aaa;
}

#ss-form {
    position: relative;
    margin: 20px auto 0;
    width: 80%;
    min-height: 200px;
    z-index: 100;
    padding: 30px;
    border: 1px solid #383838;
    background: #D1D1D1;
    background: -moz-repeating-linear-gradient(-45deg, rgba(51, 153, 204, 1), rgba(51, 153, 204, 1) 30px, #f2f2f2 30px, #f2f2f2 40px, rgba(255, 153, 0, 1) 40px, rgba(255, 153, 0, 1) 70px, #f2f2f2 70px, #f2f2f2 80px);
    background: -webkit-repeating-linear-gradient(-45deg, rgba(51, 153, 204, 1), rgba(51, 153, 204, 1) 30px, #f2f2f2 30px, #f2f2f2 40px, rgba(255, 153, 0, 1) 40px, rgba(255, 153, 0, 1) 70px, #f2f2f2 70px, #f2f2f2 80px);
    background: -o-repeating-linear-gradient(-45deg, rgba(51, 153, 204, 1), rgba(51, 153, 204, 1) 30px, #f2f2f2 30px, #f2f2f2 40px, rgba(255, 153, 0, 1) 40px, rgba(255, 153, 0, 1) 70px, #f2f2f2 70px, #f2f2f2 80px);
    background: repeating-linear-gradient(-45deg, rgba(51, 153, 204, 1), rgba(51, 153, 204, 1) 30px, #f2f2f2 30px, #f2f2f2 40px, rgba(255, 153, 0, 1) 40px, rgba(255, 153, 0, 1) 70px, #f2f2f2 70px, #f2f2f2 80px);
    -webkit-border-radius: 8px;
    -moz-border-radius: 8px;
    border-radius: 8px;
    -webkit-box-shadow: 0 1px 6px #3F3F3F;
    -moz-box-shadow: 0 1px 6px #3F3F3F;
    box-shadow: 0 1px 6px #3F3F3F;
}
#ss-form:after {
    background: #f2f2f2;
    margin: 10px;
    position: absolute;
    content: " ";
    bottom: 0;
    left: 0;
    right: 0;
    top: 0;
    z-index: -1;
    border: 1px #333 solid;
    -webkit-border-radius: 8px;
    -moz-border-radius: 8px;
    border-radius: 8px;
}
#ss-form input:required,
textarea:required {
    -moz-box-shadow: none;
    -webkit-box-shadow: none;
    -o-box-shadow: none;
    box-shadow: none;
}
#ss-form input:not([type="submit"]),
textarea {
    outline: none;
    display: block;
    width: 380px;
    margin: 10px 0 20px 0;
    padding: 4px 8px;
    border: 1px dashed #DBDBDB;
    color: #3F3F3F;
    font-family: Tahoma, 'Droid Sans', Tahoma, Arial, Verdana sans-serif;
    font-size: 14px;
    -webkit-border-radius: 2px;
    -moz-border-radius: 2px;
    border-radius: 2px;
    -webkit-transition: background .2s linear, box-shadow .6s linear;
    -moz-transition: background .2s linear, box-shadow .6s linear;
    -o-transition: background .2s linear, box-shadow .6s linear;
    transition: background .2s linear, box-shadow .6s linear;
}
#ss-form input:not([type="submit"]):active,
textarea:active,
#ss-form input:not([type="submit"]):focus,
textarea:focus {
    background: #eee;
    border: dashed 1px #969696;
    -webkit-box-shadow: 2px 2px 7px #E8E8E8 inset;
    -moz-box-shadow: 2px 2px 7px #E8E8E8 inset;
    box-shadow: 2px 2px 7px #E8E8E8 inset;
}
#ss-form input:not([type="submit"]) {
    height: 35px;
    width: 100%;
}
::-webkit-input-placeholder {
    color: #BABABA;
    font-style: italic;
}
#ss-form input:-moz-placeholder,
textarea:-moz-placeholder {
    color: #BABABA;
    font-style: italic;
}
textarea {
    min-height: 150px;
    resize: vertical;
    width: 100%;
}
label {
    color: #7F7E7E;
    -webkit-transition: color 1s ease;
    -moz-transition: color 1s ease;
    transition: color 1s ease;
}
label:hover {
    color: #191919;
}
label:before {
    color: #C1BFBD;
    -webkit-transition: color 1s ease;
    -moz-transition: color 1s ease;
    transition: color 1s ease;
}
label:hover:before {
    color: #969696;
    -webkit-transition: color 1s ease;
    -moz-transition: color 1s ease;
    transition: color 1s ease;
}
.ss-required-asterisk {
    color: #E5224C;
}
#ss-form input[type="submit"] {
    cursor: pointer;
    color: #fff;
    font-size: 120%;
    padding: 10px;
    border: 1px solid #E0E0E0;
    background: #333;
    border-radius: 10px;
    width: 30%;
    margin: 0 auto;
    display: block;
    text-shadow: unset;
    font-weight: bold;
}
#ss-form input[type=submit]:hover {
    color: #333;
    border-color: #333;
    background: #f4f4f4;
}
#ss-form input[type=submit]:active,
input[type=submit]:focus {
    position: relative;
    top: 1px;
    color: #515151;
    background: #eaeaea;
    background: -moz-linear-gradient(top, rgba(234, 234, 234, 1) 0, rgba(242, 242, 242, 1) 100%);
    background: -webkit-gradient(linear, left top, left bottom, color-stop(0%, rgba(234, 234, 234, 1)), color-stop(100%, rgba(242, 242, 242, 1)));
    background: -webkit-linear-gradient(top, rgba(234, 234, 234, 1) 0, rgba(242, 242, 242, 1) 100%);
    background: -o-linear-gradient(top, rgba(234, 234, 234, 1) 0, rgba(242, 242, 242, 1) 100%);
    background: -ms-linear-gradient(top, rgba(234, 234, 234, 1) 0, rgba(242, 242, 242, 1) 100%);
    background: linear-gradient(top, rgba(234, 234, 234, 1) 0, rgba(242, 242, 242, 1) 100%);
    -webkit-box-shadow: 0 -1px 1px #FFF inset, 0 0 0 5px #E0E0E0;
    -moz-box-shadow: 0 -1px 1px #FFF inset, 0 0 0 5px #E0E0E0;
    box-shadow: 0 -1px 1px #FFF inset, 0 0 0 5px #E0E0E0;
}

.submit-rq {
    text-align: center;
    font-size: 110%;
    padding: 10px 0;
}

	
@media screen and (max-width: 768px) {
    
    .personal-info-img {
        float: unset;
        height: 200px;
        border: 5px solid #333;
        border-radius: 100%;
        width: 200px;
        margin: 0 auto 20px;
        display: block;
    }

	.formation-detail {
		margin: 0;
        text-align: center;
    }

	.personal-info-details {
		height: auto;
		text-align: center;
		border-radius: 30px;
	}

	.personal-info-name {
        padding: 20px 0 10px;
        border-bottom: 1px solid #eee;
        max-width: 270px;
        margin: 0 auto 10px;
    }

	.formation-date {
        width: 40%;
		border-radius: 5px;
        height: 30px;
    }

	.experiences-detail {
		margin: 0;
        text-align: center;
    }
	
	.connaissances-left {
        border: 0;
    }

	.connaissance-separator {
		height: 1px;
		width: 90%;
		background: #ccc;
		display: block;
		margin: 5px auto 10px;
	}

	.contact-left {
        border: 0;
    }

	.contact-details span{
       	text-align: center;
    }


}

	]]></b:skin>
 </head>
 <body>
  	<b:section class='main' id='main' showaddelement='yes'/>
    <div class='container-fluid'>
		<div class='row' id='accueil'>
			<div class='col-xs-1 side'/>
          	<div class='col-xs-1'/>
			<div class='col-xs-8 accueil'>
				<div class='row personal-info'>
              		<div class='col-xs-12 col-sm-6 personal-info-img'/>
					<div class='col-xs-12 col-sm-6 personal-info-details'>
                        <div class='row personal-info-name'>Prénom Nom</div>
                        <div class='row'>
                            <p class='personal-info-title'>Date de naissance:</p><p>17-03-1995</p>
                        </div>
                 	</div>
               	</div>
				<div class='row links-container'>
					<div class='links'>
                        <a href='#accueil'>Accueil</a>
                        <a href='#formation'>Formation</a>
						<a href='#experiences'>Expériences</a>
						<a href='#connaissances'>Connaissances</a>
						<a href='#contact'>Contact</a>
					</div>
              	</div>
			</div>
          	<div class='col-xs-1'/>     
			<div class='col-xs-1 side'/>
      	</div>
		
		<div class='row' id='formation'>
			<div class='col-xs-1 side2'/>
          	<div class='col-xs-1'/>
			<div class='col-xs-8 formation'>
				<div class='row formation-title'>
                	<div class='col-xs-2 title-side formation-title-side title-side-left'/>
                	<div class='col-xs-8 title'>Formation</div>
                	<div class='col-xs-2 title-side formation-title-side title-side-right'/>
                </div>
                <div class='row formation-details'>
                  	<div class='col-xs-12 col-sm-3'><div class='formation-date fromLeft1'><span>2014</span></div></div>
                	<div class='col-xs-12 col-sm-6 formation-detail'>Replace this paragraph with your formation details</div>
					<div class='col-xs-12 col-sm-3'><div class='formation-date fromRight1'><span>Now</span></div></div>
                </div>
			</div>
          	<div class='col-xs-1'/>     
			<div class='col-xs-1 side2'/>
      	</div>

		<div class='row' id='experiences'>
			<div class='col-xs-1 side'/>
          	<div class='col-xs-1'/>
			<div class='col-xs-8 experiences'>
				<div class='row experiences-title'>
                	<div class='col-xs-2 title-side experiences-title-side title-side-left'/>
                	<div class='col-xs-8 title'>Experiences</div>
                	<div class='col-xs-2 title-side experiences-title-side title-side-right'/>
                </div>
                <div class='row experiences-details'>
            		<div class='col-xs-12'>
                      	<span class='experience-date'>&#9830; June 2016 &#9830;</span>
						<div class='experience-container'>
                            <span class='experience-title'>&#9733; Experience title</span> 
                            <span class='experience-description'>A small description for your experience, internship, it's objectives, your realizations.</span>
                          <span class='experience-tech'>Here goes the technologies used during the experience</span>
                      	</div>
					</div>
                </div>
			</div>
          	<div class='col-xs-1'/>     
			<div class='col-xs-1 side'/>
      	</div>

		<div class='row' id='connaissances'>
			<div class='col-xs-1 side3'/>
          	<div class='col-xs-1'/>
			<div class='col-xs-8 connaissances'>
				<div class='row connaissances-title'>
                	<div class='col-xs-2 title-side connaissances-title-side title-side-left'/>
                	<div class='col-xs-8 title'>Connaissances</div>
                	<div class='col-xs-2 title-side connaissances-title-side title-side-right'/>
                </div>
                <div class='row connaissances-details'>
                	<div class='col-xs-12 col-sm-6 connaissances-left'>
						<div class='connaissance'>
                            <span>Java</span>
                            <span class='circle'/>
                            <span class='fill-circle4'/>
                            <span class='fill-circle3'/>
                            <span class='fill-circle2'/>
                            <span class='fill-circle1'/>
                      	</div>
					</div>
                	<div class='col-xs-12 col-sm-6'>
						<div class='connaissance'>
                            <span>JEE</span>
                            <span class='circle'/>
                            <span class='circle'/>
                            <span class='fill-circle3'/>
                            <span class='fill-circle2'/>
                            <span class='fill-circle1'/>
                      	</div>
					</div>
                </div>
			</div>
          	<div class='col-xs-1'/>     
			<div class='col-xs-1 side3'/>
      	</div>

		<div class='row' id='contact'>
			<div class='col-xs-1 side'/>
          	<div class='col-xs-1'/>
			<div class='col-xs-8 contact'>
				<div class='row contact-title'>
                	<div class='col-xs-2 title-side contact-title-side title-side-left'/>
                	<div class='col-xs-8 title'>Contact</div>
                	<div class='col-xs-2 title-side contact-title-side title-side-right'/>
                </div>
                <div class='row contact-details'>
                	<div class='col-xs-12 col-sm-6 contact-left'>
                      	<span><img src='https://lh3.googleusercontent.com/-6ZTfKJggMFs/V_RIuvykW_I/AAAAAAAABLI/B0K8IPSCnXoAEkmQv-Is3Q-UB8EC0Yd3gCLcB/h120/me.png'/>Prénom Nom</span>
                      	<span><img src='https://lh3.googleusercontent.com/-0SVr8E4w_X4/V_RIveEbNpI/AAAAAAAABLg/npTEcrInml4uVkKOCfHnrDSSLk3DFGYBQCLcB/h120/tel.png'/><a href='#contact'>+212 00 00 00 00</a></span>
                    </div>
                    <div class='col-xs-12 col-sm-6'>
                      	<span><img src='https://lh3.googleusercontent.com/-_NrFmd0pzVw/V_RIvIei80I/AAAAAAAABLY/UZUZubiBCYcw5RYmRC_wkntrBmIz3Nk9gCLcB/h120/pdf.png'/><a href='https://drive.google.com/file/d/0B9pasUBuQHlxM01PdnpXYUZ0LUU/view?usp=sharing'>Version PDF du CV</a></span>
                      	<span><img src='https://lh3.googleusercontent.com/-Jj84TYL301s/V_RKHduwQII/AAAAAAAABLo/uoEKTElobok-iF5BDs-dsMTXYCuaH3w2gCLcB/h120/linkedin.png'/><a href='https://www.linkedin.com/in/othmane-bentaleb-9a1b64b9'>Profil LinkedIn</a></span>
                    </div>
                </div>
			</div>
          	<div class='col-xs-1'/>     
			<div class='col-xs-1 side'/>
      	</div>

    </div>

 </body>
</html>